postal_code,town_name,council_code,council_name,region_code,region_name
1050,"København K",0101,København,1084,"Region Hovedstaden"
1051,"København K",0101,København,1084,"Region Hovedstaden"
1052,"København K",0101,København,1084,"Region Hovedstaden"
1053,"København K",0101,København,1084,"Region Hovedstaden"
1054,"København K",0101,København,1084,"Region Hovedstaden"
1055,"København K",0101,København,1084,"Region Hovedstaden"
1056,"København K",0101,København,1084,"Region Hovedstaden"
1057,"København K",0101,København,1084,"Region Hovedstaden"
1058,"København K",0101,København,1084,"Region Hovedstaden"
1059,"København K",0101,København,1084,"Region Hovedstaden"
1060,"København K",0101,København,1084,"Region Hovedstaden"
1061,"København K",0101,København,1084,"Region Hovedstaden"
1062,"København K",0101,København,1084,"Region Hovedstaden"
1063,"København K",0101,København,1084,"Region Hovedstaden"
1064,"København K",0101,København,1084,"Region Hovedstaden"
1065,"København K",0101,København,1084,"Region Hovedstaden"
1066,"København K",0101,København,1084,"Region Hovedstaden"
1067,"København K",0101,København,1084,"Region Hovedstaden"
1068,"København K",0101,København,1084,"Region Hovedstaden"
1069,"København K",0101,København,1084,"Region Hovedstaden"
1070,"København K",0101,København,1084,"Region Hovedstaden"
1071,"København K",0101,København,1084,"Region Hovedstaden"
1072,"København K",0101,København,1084,"Region Hovedstaden"
1073,"København K",0101,København,1084,"Region Hovedstaden"
1074,"København K",0101,København,1084,"Region Hovedstaden"
1100,"København K",0101,København,1084,"Region Hovedstaden"
1101,"København K",0101,København,1084,"Region Hovedstaden"
1102,"København K",0101,København,1084,"Region Hovedstaden"
1103,"København K",0101,København,1084,"Region Hovedstaden"
1104,"København K",0101,København,1084,"Region Hovedstaden"
1105,"København K",0101,København,1084,"Region Hovedstaden"
1106,"København K",0101,København,1084,"Region Hovedstaden"
1107,"København K",0101,København,1084,"Region Hovedstaden"
1110,"København K",0101,København,1084,"Region Hovedstaden"
1111,"København K",0101,København,1084,"Region Hovedstaden"
1112,"København K",0101,København,1084,"Region Hovedstaden"
1113,"København K",0101,København,1084,"Region Hovedstaden"
1114,"København K",0101,København,1084,"Region Hovedstaden"
1115,"København K",0101,København,1084,"Region Hovedstaden"
1116,"København K",0101,København,1084,"Region Hovedstaden"
1117,"København K",0101,København,1084,"Region Hovedstaden"
1118,"København K",0101,København,1084,"Region Hovedstaden"
1119,"København K",0101,København,1084,"Region Hovedstaden"
1120,"København K",0101,København,1084,"Region Hovedstaden"
1121,"København K",0101,København,1084,"Region Hovedstaden"
1122,"København K",0101,København,1084,"Region Hovedstaden"
1123,"København K",0101,København,1084,"Region Hovedstaden"
1124,"København K",0101,København,1084,"Region Hovedstaden"
1125,"København K",0101,København,1084,"Region Hovedstaden"
1126,"København K",0101,København,1084,"Region Hovedstaden"
1127,"København K",0101,København,1084,"Region Hovedstaden"
1128,"København K",0101,København,1084,"Region Hovedstaden"
1129,"København K",0101,København,1084,"Region Hovedstaden"
1130,"København K",0101,København,1084,"Region Hovedstaden"
1131,"København K",0101,København,1084,"Region Hovedstaden"
1150,"København K",0101,København,1084,"Region Hovedstaden"
1151,"København K",0101,København,1084,"Region Hovedstaden"
1152,"København K",0101,København,1084,"Region Hovedstaden"
1153,"København K",0101,København,1084,"Region Hovedstaden"
1154,"København K",0101,København,1084,"Region Hovedstaden"
1155,"København K",0101,København,1084,"Region Hovedstaden"
1156,"København K",0101,København,1084,"Region Hovedstaden"
1157,"København K",0101,København,1084,"Region Hovedstaden"
1158,"København K",0101,København,1084,"Region Hovedstaden"
1159,"København K",0101,København,1084,"Region Hovedstaden"
1160,"København K",0101,København,1084,"Region Hovedstaden"
1161,"København K",0101,København,1084,"Region Hovedstaden"
1162,"København K",0101,København,1084,"Region Hovedstaden"
1164,"København K",0101,København,1084,"Region Hovedstaden"
1165,"København K",0101,København,1084,"Region Hovedstaden"
1166,"København K",0101,København,1084,"Region Hovedstaden"
1167,"København K",0101,København,1084,"Region Hovedstaden"
1168,"København K",0101,København,1084,"Region Hovedstaden"
1169,"København K",0101,København,1084,"Region Hovedstaden"
1170,"København K",0101,København,1084,"Region Hovedstaden"
1171,"København K",0101,København,1084,"Region Hovedstaden"
1172,"København K",0101,København,1084,"Region Hovedstaden"
1173,"København K",0101,København,1084,"Region Hovedstaden"
1174,"København K",0101,København,1084,"Region Hovedstaden"
1175,"København K",0101,København,1084,"Region Hovedstaden"
1200,"København K",0101,København,1084,"Region Hovedstaden"
1201,"København K",0101,København,1084,"Region Hovedstaden"
1202,"København K",0101,København,1084,"Region Hovedstaden"
1203,"København K",0101,København,1084,"Region Hovedstaden"
1204,"København K",0101,København,1084,"Region Hovedstaden"
1205,"København K",0101,København,1084,"Region Hovedstaden"
1206,"København K",0101,København,1084,"Region Hovedstaden"
1207,"København K",0101,København,1084,"Region Hovedstaden"
1208,"København K",0101,København,1084,"Region Hovedstaden"
1209,"København K",0101,København,1084,"Region Hovedstaden"
1210,"København K",0101,København,1084,"Region Hovedstaden"
1211,"København K",0101,København,1084,"Region Hovedstaden"
1212,"København K",0101,København,1084,"Region Hovedstaden"
1213,"København K",0101,København,1084,"Region Hovedstaden"
1214,"København K",0101,København,1084,"Region Hovedstaden"
1215,"København K",0101,København,1084,"Region Hovedstaden"
1216,"København K",0101,København,1084,"Region Hovedstaden"
1218,"København K",0101,København,1084,"Region Hovedstaden"
1219,"København K",0101,København,1084,"Region Hovedstaden"
1220,"København K",0101,København,1084,"Region Hovedstaden"
1221,"København K",0101,København,1084,"Region Hovedstaden"
1250,"København K",0101,København,1084,"Region Hovedstaden"
1251,"København K",0101,København,1084,"Region Hovedstaden"
1252,"København K",0101,København,1084,"Region Hovedstaden"
1253,"København K",0101,København,1084,"Region Hovedstaden"
1254,"København K",0101,København,1084,"Region Hovedstaden"
1255,"København K",0101,København,1084,"Region Hovedstaden"
1256,"København K",0101,København,1084,"Region Hovedstaden"
1257,"København K",0101,København,1084,"Region Hovedstaden"
1259,"København K",0101,København,1084,"Region Hovedstaden"
1260,"København K",0101,København,1084,"Region Hovedstaden"
1261,"København K",0101,København,1084,"Region Hovedstaden"
1263,"København K",0101,København,1084,"Region Hovedstaden"
1264,"København K",0101,København,1084,"Region Hovedstaden"
1265,"København K",0101,København,1084,"Region Hovedstaden"
1266,"København K",0101,København,1084,"Region Hovedstaden"
1267,"København K",0101,København,1084,"Region Hovedstaden"
1268,"København K",0101,København,1084,"Region Hovedstaden"
1270,"København K",0101,København,1084,"Region Hovedstaden"
1271,"København K",0101,København,1084,"Region Hovedstaden"
1300,"København K",0101,København,1084,"Region Hovedstaden"
1301,"København K",0101,København,1084,"Region Hovedstaden"
1302,"København K",0101,København,1084,"Region Hovedstaden"
1303,"København K",0101,København,1084,"Region Hovedstaden"
1304,"København K",0101,København,1084,"Region Hovedstaden"
1306,"København K",0101,København,1084,"Region Hovedstaden"
1307,"København K",0101,København,1084,"Region Hovedstaden"
1308,"København K",0101,København,1084,"Region Hovedstaden"
1309,"København K",0101,København,1084,"Region Hovedstaden"
1310,"København K",0101,København,1084,"Region Hovedstaden"
1311,"København K",0101,København,1084,"Region Hovedstaden"
1312,"København K",0101,København,1084,"Region Hovedstaden"
1313,"København K",0101,København,1084,"Region Hovedstaden"
1314,"København K",0101,København,1084,"Region Hovedstaden"
1315,"København K",0101,København,1084,"Region Hovedstaden"
1316,"København K",0101,København,1084,"Region Hovedstaden"
1317,"København K",0101,København,1084,"Region Hovedstaden"
1318,"København K",0101,København,1084,"Region Hovedstaden"
1319,"København K",0101,København,1084,"Region Hovedstaden"
1320,"København K",0101,København,1084,"Region Hovedstaden"
1321,"København K",0101,København,1084,"Region Hovedstaden"
1322,"København K",0101,København,1084,"Region Hovedstaden"
1323,"København K",0101,København,1084,"Region Hovedstaden"
1324,"København K",0101,København,1084,"Region Hovedstaden"
1325,"København K",0101,København,1084,"Region Hovedstaden"
1326,"København K",0101,København,1084,"Region Hovedstaden"
1327,"København K",0101,København,1084,"Region Hovedstaden"
1328,"København K",0101,København,1084,"Region Hovedstaden"
1329,"København K",0101,København,1084,"Region Hovedstaden"
1350,"København K",0101,København,1084,"Region Hovedstaden"
1352,"København K",0101,København,1084,"Region Hovedstaden"
1353,"København K",0101,København,1084,"Region Hovedstaden"
1354,"København K",0101,København,1084,"Region Hovedstaden"
1355,"København K",0101,København,1084,"Region Hovedstaden"
1356,"København K",0101,København,1084,"Region Hovedstaden"
1357,"København K",0101,København,1084,"Region Hovedstaden"
1358,"København K",0101,København,1084,"Region Hovedstaden"
1359,"København K",0101,København,1084,"Region Hovedstaden"
1360,"København K",0101,København,1084,"Region Hovedstaden"
1361,"København K",0101,København,1084,"Region Hovedstaden"
1362,"København K",0101,København,1084,"Region Hovedstaden"
1363,"København K",0101,København,1084,"Region Hovedstaden"
1364,"København K",0101,København,1084,"Region Hovedstaden"
1365,"København K",0101,København,1084,"Region Hovedstaden"
1366,"København K",0101,København,1084,"Region Hovedstaden"
1367,"København K",0101,København,1084,"Region Hovedstaden"
1368,"København K",0101,København,1084,"Region Hovedstaden"
1369,"København K",0101,København,1084,"Region Hovedstaden"
1370,"København K",0101,København,1084,"Region Hovedstaden"
1371,"København K",0101,København,1084,"Region Hovedstaden"
1400,"København K",0101,København,1084,"Region Hovedstaden"
1401,"København K",0101,København,1084,"Region Hovedstaden"
1402,"København K",0101,København,1084,"Region Hovedstaden"
1403,"København K",0101,København,1084,"Region Hovedstaden"
1406,"København K",0101,København,1084,"Region Hovedstaden"
1407,"København K",0101,København,1084,"Region Hovedstaden"
1408,"København K",0101,København,1084,"Region Hovedstaden"
1409,"København K",0101,København,1084,"Region Hovedstaden"
1410,"København K",0101,København,1084,"Region Hovedstaden"
1411,"København K",0101,København,1084,"Region Hovedstaden"
1412,"København K",0101,København,1084,"Region Hovedstaden"
1413,"København K",0101,København,1084,"Region Hovedstaden"
1414,"København K",0101,København,1084,"Region Hovedstaden"
1415,"København K",0101,København,1084,"Region Hovedstaden"
1416,"København K",0101,København,1084,"Region Hovedstaden"
1417,"København K",0101,København,1084,"Region Hovedstaden"
1418,"København K",0101,København,1084,"Region Hovedstaden"
1419,"København K",0101,København,1084,"Region Hovedstaden"
1420,"København K",0101,København,1084,"Region Hovedstaden"
1421,"København K",0101,København,1084,"Region Hovedstaden"
1422,"København K",0101,København,1084,"Region Hovedstaden"
1423,"København K",0101,København,1084,"Region Hovedstaden"
1424,"København K",0101,København,1084,"Region Hovedstaden"
1425,"København K",0101,København,1084,"Region Hovedstaden"
1426,"København K",0101,København,1084,"Region Hovedstaden"
1427,"København K",0101,København,1084,"Region Hovedstaden"
1428,"København K",0101,København,1084,"Region Hovedstaden"
1429,"København K",0101,København,1084,"Region Hovedstaden"
1430,"København K",0101,København,1084,"Region Hovedstaden"
1432,"København K",0101,København,1084,"Region Hovedstaden"
1433,"København K",0101,København,1084,"Region Hovedstaden"
1434,"København K",0101,København,1084,"Region Hovedstaden"
1435,"København K",0101,København,1084,"Region Hovedstaden"
1436,"København K",0101,København,1084,"Region Hovedstaden"
1437,"København K",0101,København,1084,"Region Hovedstaden"
1438,"København K",0101,København,1084,"Region Hovedstaden"
1439,"København K",0101,København,1084,"Region Hovedstaden"
1440,"København K",0101,København,1084,"Region Hovedstaden"
1441,"København K",0101,København,1084,"Region Hovedstaden"
1450,"København K",0101,København,1084,"Region Hovedstaden"
1451,"København K",0101,København,1084,"Region Hovedstaden"
1452,"København K",0101,København,1084,"Region Hovedstaden"
1453,"København K",0101,København,1084,"Region Hovedstaden"
1454,"København K",0101,København,1084,"Region Hovedstaden"
1455,"København K",0101,København,1084,"Region Hovedstaden"
1456,"København K",0101,København,1084,"Region Hovedstaden"
1457,"København K",0101,København,1084,"Region Hovedstaden"
1458,"København K",0101,København,1084,"Region Hovedstaden"
1459,"København K",0101,København,1084,"Region Hovedstaden"
1460,"København K",0101,København,1084,"Region Hovedstaden"
1461,"København K",0101,København,1084,"Region Hovedstaden"
1462,"København K",0101,København,1084,"Region Hovedstaden"
1463,"København K",0101,København,1084,"Region Hovedstaden"
1464,"København K",0101,København,1084,"Region Hovedstaden"
1465,"København K",0101,København,1084,"Region Hovedstaden"
1466,"København K",0101,København,1084,"Region Hovedstaden"
1467,"København K",0101,København,1084,"Region Hovedstaden"
1468,"København K",0101,København,1084,"Region Hovedstaden"
1470,"København K",0101,København,1084,"Region Hovedstaden"
1471,"København K",0101,København,1084,"Region Hovedstaden"
1472,"København K",0101,København,1084,"Region Hovedstaden"
1473,"København K",0101,København,1084,"Region Hovedstaden"
1550,"København V",0101,København,1084,"Region Hovedstaden"
1551,"København V",0101,København,1084,"Region Hovedstaden"
1552,"København V",0101,København,1084,"Region Hovedstaden"
1553,"København V",0101,København,1084,"Region Hovedstaden"
1554,"København V",0101,København,1084,"Region Hovedstaden"
1555,"København V",0101,København,1084,"Region Hovedstaden"
1556,"København V",0101,København,1084,"Region Hovedstaden"
1557,"København V",0101,København,1084,"Region Hovedstaden"
1558,"København V",0101,København,1084,"Region Hovedstaden"
1559,"København V",0101,København,1084,"Region Hovedstaden"
1560,"København V",0101,København,1084,"Region Hovedstaden"
1561,"København V",0101,København,1084,"Region Hovedstaden"
1562,"København V",0101,København,1084,"Region Hovedstaden"
1563,"København V",0101,København,1084,"Region Hovedstaden"
1564,"København V",0101,København,1084,"Region Hovedstaden"
1567,"København V",0101,København,1084,"Region Hovedstaden"
1568,"København V",0101,København,1084,"Region Hovedstaden"
1569,"København V",0101,København,1084,"Region Hovedstaden"
1570,"København V",0101,København,1084,"Region Hovedstaden"
1571,"København V",0101,København,1084,"Region Hovedstaden"
1572,"København V",0101,København,1084,"Region Hovedstaden"
1573,"København V",0101,København,1084,"Region Hovedstaden"
1574,"København V",0101,København,1084,"Region Hovedstaden"
1575,"København V",0101,København,1084,"Region Hovedstaden"
1576,"København V",0101,København,1084,"Region Hovedstaden"
1577,"København V",0101,København,1084,"Region Hovedstaden"
1600,"København V",0101,København,1084,"Region Hovedstaden"
1601,"København V",0101,København,1084,"Region Hovedstaden"
1602,"København V",0101,København,1084,"Region Hovedstaden"
1603,"København V",0101,København,1084,"Region Hovedstaden"
1604,"København V",0101,København,1084,"Region Hovedstaden"
1605,"København V",0101,København,1084,"Region Hovedstaden"
1606,"København V",0101,København,1084,"Region Hovedstaden"
1607,"København V",0101,København,1084,"Region Hovedstaden"
1608,"København V",0101,København,1084,"Region Hovedstaden"
1609,"København V",0101,København,1084,"Region Hovedstaden"
1610,"København V",0101,København,1084,"Region Hovedstaden"
1611,"København V",0101,København,1084,"Region Hovedstaden"
1612,"København V",0101,København,1084,"Region Hovedstaden"
1613,"København V",0101,København,1084,"Region Hovedstaden"
1614,"København V",0101,København,1084,"Region Hovedstaden"
1615,"København V",0101,København,1084,"Region Hovedstaden"
1616,"København V",0101,København,1084,"Region Hovedstaden"
1617,"København V",0101,København,1084,"Region Hovedstaden"
1618,"København V",0101,København,1084,"Region Hovedstaden"
1619,"København V",0101,København,1084,"Region Hovedstaden"
1620,"København V",0101,København,1084,"Region Hovedstaden"
1621,"København V",0101,København,1084,"Region Hovedstaden"
1622,"København V",0101,København,1084,"Region Hovedstaden"
1623,"København V",0101,København,1084,"Region Hovedstaden"
1624,"København V",0101,København,1084,"Region Hovedstaden"
1631,"København V",0101,København,1084,"Region Hovedstaden"
1632,"København V",0101,København,1084,"Region Hovedstaden"
1633,"København V",0101,København,1084,"Region Hovedstaden"
1634,"København V",0101,København,1084,"Region Hovedstaden"
1635,"København V",0101,København,1084,"Region Hovedstaden"
1650,"København V",0101,København,1084,"Region Hovedstaden"
1651,"København V",0101,København,1084,"Region Hovedstaden"
1652,"København V",0101,København,1084,"Region Hovedstaden"
1653,"København V",0101,København,1084,"Region Hovedstaden"
1654,"København V",0101,København,1084,"Region Hovedstaden"
1655,"København V",0101,København,1084,"Region Hovedstaden"
1656,"København V",0101,København,1084,"Region Hovedstaden"
1657,"København V",0101,København,1084,"Region Hovedstaden"
1658,"København V",0101,København,1084,"Region Hovedstaden"
1659,"København V",0101,København,1084,"Region Hovedstaden"
1660,"København V",0101,København,1084,"Region Hovedstaden"
1661,"København V",0101,København,1084,"Region Hovedstaden"
1662,"København V",0101,København,1084,"Region Hovedstaden"
1663,"København V",0101,København,1084,"Region Hovedstaden"
1664,"København V",0101,København,1084,"Region Hovedstaden"
1665,"København V",0101,København,1084,"Region Hovedstaden"
1666,"København V",0101,København,1084,"Region Hovedstaden"
1667,"København V",0101,København,1084,"Region Hovedstaden"
1668,"København V",0101,København,1084,"Region Hovedstaden"
1669,"København V",0101,København,1084,"Region Hovedstaden"
1670,"København V",0101,København,1084,"Region Hovedstaden"
1671,"København V",0101,København,1084,"Region Hovedstaden"
1672,"København V",0101,København,1084,"Region Hovedstaden"
1673,"København V",0101,København,1084,"Region Hovedstaden"
1674,"København V",0101,København,1084,"Region Hovedstaden"
1675,"København V",0101,København,1084,"Region Hovedstaden"
1676,"København V",0101,København,1084,"Region Hovedstaden"
1677,"København V",0101,København,1084,"Region Hovedstaden"
1699,"København V",0101,København,1084,"Region Hovedstaden"
1700,"København V",0101,København,1084,"Region Hovedstaden"
1701,"København V",0101,København,1084,"Region Hovedstaden"
1702,"København V",0101,København,1084,"Region Hovedstaden"
1703,"København V",0101,København,1084,"Region Hovedstaden"
1704,"København V",0101,København,1084,"Region Hovedstaden"
1705,"København V",0101,København,1084,"Region Hovedstaden"
1706,"København V",0101,København,1084,"Region Hovedstaden"
1707,"København V",0101,København,1084,"Region Hovedstaden"
1708,"København V",0101,København,1084,"Region Hovedstaden"
1709,"København V",0101,København,1084,"Region Hovedstaden"
1710,"København V",0101,København,1084,"Region Hovedstaden"
1711,"København V",0101,København,1084,"Region Hovedstaden"
1712,"København V",0101,København,1084,"Region Hovedstaden"
1714,"København V",0101,København,1084,"Region Hovedstaden"
1715,"København V",0101,København,1084,"Region Hovedstaden"
1716,"København V",0101,København,1084,"Region Hovedstaden"
1717,"København V",0101,København,1084,"Region Hovedstaden"
1718,"København V",0101,København,1084,"Region Hovedstaden"
1719,"København V",0101,København,1084,"Region Hovedstaden"
1720,"København V",0101,København,1084,"Region Hovedstaden"
1721,"København V",0101,København,1084,"Region Hovedstaden"
1722,"København V",0101,København,1084,"Region Hovedstaden"
1723,"København V",0101,København,1084,"Region Hovedstaden"
1724,"København V",0101,København,1084,"Region Hovedstaden"
1725,"København V",0101,København,1084,"Region Hovedstaden"
1726,"København V",0101,København,1084,"Region Hovedstaden"
1727,"København V",0101,København,1084,"Region Hovedstaden"
1728,"København V",0101,København,1084,"Region Hovedstaden"
1729,"København V",0101,København,1084,"Region Hovedstaden"
1730,"København V",0101,København,1084,"Region Hovedstaden"
1731,"København V",0101,København,1084,"Region Hovedstaden"
1732,"København V",0101,København,1084,"Region Hovedstaden"
1733,"København V",0101,København,1084,"Region Hovedstaden"
1734,"København V",0101,København,1084,"Region Hovedstaden"
1735,"København V",0101,København,1084,"Region Hovedstaden"
1736,"København V",0101,København,1084,"Region Hovedstaden"
1737,"København V",0101,København,1084,"Region Hovedstaden"
1738,"København V",0101,København,1084,"Region Hovedstaden"
1739,"København V",0101,København,1084,"Region Hovedstaden"
1749,"København V",0101,København,1084,"Region Hovedstaden"
1750,"København V",0101,København,1084,"Region Hovedstaden"
1751,"København V",0101,København,1084,"Region Hovedstaden"
1752,"København V",0101,København,1084,"Region Hovedstaden"
1753,"København V",0101,København,1084,"Region Hovedstaden"
1754,"København V",0101,København,1084,"Region Hovedstaden"
1755,"København V",0101,København,1084,"Region Hovedstaden"
1756,"København V",0101,København,1084,"Region Hovedstaden"
1757,"København V",0101,København,1084,"Region Hovedstaden"
1758,"København V",0101,København,1084,"Region Hovedstaden"
1759,"København V",0101,København,1084,"Region Hovedstaden"
1760,"København V",0101,København,1084,"Region Hovedstaden"
1761,"København V",0101,København,1084,"Region Hovedstaden"
1762,"København V",0101,København,1084,"Region Hovedstaden"
1763,"København V",0101,København,1084,"Region Hovedstaden"
1764,"København V",0101,København,1084,"Region Hovedstaden"
1765,"København V",0101,København,1084,"Region Hovedstaden"
1766,"København V",0101,København,1084,"Region Hovedstaden"
1770,"København V",0101,København,1084,"Region Hovedstaden"
1771,"København V",0101,København,1084,"Region Hovedstaden"
1772,"København V",0101,København,1084,"Region Hovedstaden"
1773,"København V",0101,København,1084,"Region Hovedstaden"
1774,"København V",0101,København,1084,"Region Hovedstaden"
1775,"København V",0101,København,1084,"Region Hovedstaden"
1777,"København V",0101,København,1084,"Region Hovedstaden"
1799,"København V",0101,København,1084,"Region Hovedstaden"
1800,"Frederiksberg C",0147,Frederiksberg,1084,"Region Hovedstaden"
1801,"Frederiksberg C",0147,Frederiksberg,1084,"Region Hovedstaden"
1802,"Frederiksberg C",0147,Frederiksberg,1084,"Region Hovedstaden"
1803,"Frederiksberg C",0147,Frederiksberg,1084,"Region Hovedstaden"
1804,"Frederiksberg C",0147,Frederiksberg,1084,"Region Hovedstaden"
1805,"Frederiksberg C",0147,Frederiksberg,1084,"Region Hovedstaden"
1806,"Frederiksberg C",0147,Frederiksberg,1084,"Region Hovedstaden"
1807,"Frederiksberg C",0147,Frederiksberg,1084,"Region Hovedstaden"
1808,"Frederiksberg C",0147,Frederiksberg,1084,"Region Hovedstaden"
1809,"Frederiksberg C",0147,Frederiksberg,1084,"Region Hovedstaden"
1810,"Frederiksberg C",0101,København,1084,"Region Hovedstaden"
1811,"Frederiksberg C",0147,Frederiksberg,1084,"Region Hovedstaden"
1812,"Frederiksberg C",0147,Frederiksberg,1084,"Region Hovedstaden"
1813,"Frederiksberg C",0147,Frederiksberg,1084,"Region Hovedstaden"
1814,"Frederiksberg C",0147,Frederiksberg,1084,"Region Hovedstaden"
1815,"Frederiksberg C",0147,Frederiksberg,1084,"Region Hovedstaden"
1816,"Frederiksberg C",0147,Frederiksberg,1084,"Region Hovedstaden"
1817,"Frederiksberg C",0147,Frederiksberg,1084,"Region Hovedstaden"
1818,"Frederiksberg C",0147,Frederiksberg,1084,"Region Hovedstaden"
1819,"Frederiksberg C",0147,Frederiksberg,1084,"Region Hovedstaden"
1820,"Frederiksberg C",0147,Frederiksberg,1084,"Region Hovedstaden"
1822,"Frederiksberg C",0147,Frederiksberg,1084,"Region Hovedstaden"
1823,"Frederiksberg C",0147,Frederiksberg,1084,"Region Hovedstaden"
1824,"Frederiksberg C",0147,Frederiksberg,1084,"Region Hovedstaden"
1825,"Frederiksberg C",0147,Frederiksberg,1084,"Region Hovedstaden"
1826,"Frederiksberg C",0147,Frederiksberg,1084,"Region Hovedstaden"
1827,"Frederiksberg C",0147,Frederiksberg,1084,"Region Hovedstaden"
1828,"Frederiksberg C",0147,Frederiksberg,1084,"Region Hovedstaden"
1829,"Frederiksberg C",0147,Frederiksberg,1084,"Region Hovedstaden"
1850,"Frederiksberg C",0147,Frederiksberg,1084,"Region Hovedstaden"
1851,"Frederiksberg C",0147,Frederiksberg,1084,"Region Hovedstaden"
1852,"Frederiksberg C",0147,Frederiksberg,1084,"Region Hovedstaden"
1853,"Frederiksberg C",0147,Frederiksberg,1084,"Region Hovedstaden"
1854,"Frederiksberg C",0147,Frederiksberg,1084,"Region Hovedstaden"
1855,"Frederiksberg C",0147,Frederiksberg,1084,"Region Hovedstaden"
1856,"Frederiksberg C",0147,Frederiksberg,1084,"Region Hovedstaden"
1857,"Frederiksberg C",0147,Frederiksberg,1084,"Region Hovedstaden"
1860,"Frederiksberg C",0147,Frederiksberg,1084,"Region Hovedstaden"
1861,"Frederiksberg C",0147,Frederiksberg,1084,"Region Hovedstaden"
1862,"Frederiksberg C",0147,Frederiksberg,1084,"Region Hovedstaden"
1863,"Frederiksberg C",0147,Frederiksberg,1084,"Region Hovedstaden"
1864,"Frederiksberg C",0147,Frederiksberg,1084,"Region Hovedstaden"
1865,"Frederiksberg C",0147,Frederiksberg,1084,"Region Hovedstaden"
1866,"Frederiksberg C",0147,Frederiksberg,1084,"Region Hovedstaden"
1867,"Frederiksberg C",0147,Frederiksberg,1084,"Region Hovedstaden"
1868,"Frederiksberg C",0147,Frederiksberg,1084,"Region Hovedstaden"
1870,"Frederiksberg C",0147,Frederiksberg,1084,"Region Hovedstaden"
1871,"Frederiksberg C",0147,Frederiksberg,1084,"Region Hovedstaden"
1872,"Frederiksberg C",0147,Frederiksberg,1084,"Region Hovedstaden"
1873,"Frederiksberg C",0147,Frederiksberg,1084,"Region Hovedstaden"
1874,"Frederiksberg C",0147,Frederiksberg,1084,"Region Hovedstaden"
1875,"Frederiksberg C",0147,Frederiksberg,1084,"Region Hovedstaden"
1876,"Frederiksberg C",0147,Frederiksberg,1084,"Region Hovedstaden"
1877,"Frederiksberg C",0147,Frederiksberg,1084,"Region Hovedstaden"
1878,"Frederiksberg C",0147,Frederiksberg,1084,"Region Hovedstaden"
1879,"Frederiksberg C",0147,Frederiksberg,1084,"Region Hovedstaden"
1900,"Frederiksberg C",0147,Frederiksberg,1084,"Region Hovedstaden"
1901,"Frederiksberg C",0147,Frederiksberg,1084,"Region Hovedstaden"
1902,"Frederiksberg C",0147,Frederiksberg,1084,"Region Hovedstaden"
1903,"Frederiksberg C",0147,Frederiksberg,1084,"Region Hovedstaden"
1904,"Frederiksberg C",0147,Frederiksberg,1084,"Region Hovedstaden"
1905,"Frederiksberg C",0147,Frederiksberg,1084,"Region Hovedstaden"
1906,"Frederiksberg C",0147,Frederiksberg,1084,"Region Hovedstaden"
1908,"Frederiksberg C",0147,Frederiksberg,1084,"Region Hovedstaden"
1909,"Frederiksberg C",0147,Frederiksberg,1084,"Region Hovedstaden"
1910,"Frederiksberg C",0147,Frederiksberg,1084,"Region Hovedstaden"
1911,"Frederiksberg C",0147,Frederiksberg,1084,"Region Hovedstaden"
1912,"Frederiksberg C",0147,Frederiksberg,1084,"Region Hovedstaden"
1913,"Frederiksberg C",0147,Frederiksberg,1084,"Region Hovedstaden"
1914,"Frederiksberg C",0147,Frederiksberg,1084,"Region Hovedstaden"
1915,"Frederiksberg C",0147,Frederiksberg,1084,"Region Hovedstaden"
1916,"Frederiksberg C",0147,Frederiksberg,1084,"Region Hovedstaden"
1917,"Frederiksberg C",0147,Frederiksberg,1084,"Region Hovedstaden"
1920,"Frederiksberg C",0147,Frederiksberg,1084,"Region Hovedstaden"
1921,"Frederiksberg C",0147,Frederiksberg,1084,"Region Hovedstaden"
1922,"Frederiksberg C",0147,Frederiksberg,1084,"Region Hovedstaden"
1923,"Frederiksberg C",0147,Frederiksberg,1084,"Region Hovedstaden"
1924,"Frederiksberg C",0147,Frederiksberg,1084,"Region Hovedstaden"
1925,"Frederiksberg C",0147,Frederiksberg,1084,"Region Hovedstaden"
1926,"Frederiksberg C",0147,Frederiksberg,1084,"Region Hovedstaden"
1927,"Frederiksberg C",0147,Frederiksberg,1084,"Region Hovedstaden"
1928,"Frederiksberg C",0147,Frederiksberg,1084,"Region Hovedstaden"
1950,"Frederiksberg C",0147,Frederiksberg,1084,"Region Hovedstaden"
1951,"Frederiksberg C",0147,Frederiksberg,1084,"Region Hovedstaden"
1952,"Frederiksberg C",0147,Frederiksberg,1084,"Region Hovedstaden"
1953,"Frederiksberg C",0147,Frederiksberg,1084,"Region Hovedstaden"
1954,"Frederiksberg C",0147,Frederiksberg,1084,"Region Hovedstaden"
1955,"Frederiksberg C",0147,Frederiksberg,1084,"Region Hovedstaden"
1956,"Frederiksberg C",0147,Frederiksberg,1084,"Region Hovedstaden"
1957,"Frederiksberg C",0147,Frederiksberg,1084,"Region Hovedstaden"
1958,"Frederiksberg C",0147,Frederiksberg,1084,"Region Hovedstaden"
1959,"Frederiksberg C",0147,Frederiksberg,1084,"Region Hovedstaden"
1960,"Frederiksberg C",0147,Frederiksberg,1084,"Region Hovedstaden"
1961,"Frederiksberg C",0147,Frederiksberg,1084,"Region Hovedstaden"
1962,"Frederiksberg C",0147,Frederiksberg,1084,"Region Hovedstaden"
1963,"Frederiksberg C",0147,Frederiksberg,1084,"Region Hovedstaden"
1964,"Frederiksberg C",0147,Frederiksberg,1084,"Region Hovedstaden"
1965,"Frederiksberg C",0147,Frederiksberg,1084,"Region Hovedstaden"
1966,"Frederiksberg C",0147,Frederiksberg,1084,"Region Hovedstaden"
1967,"Frederiksberg C",0147,Frederiksberg,1084,"Region Hovedstaden"
1970,"Frederiksberg C",0147,Frederiksberg,1084,"Region Hovedstaden"
1971,"Frederiksberg C",0147,Frederiksberg,1084,"Region Hovedstaden"
1972,"Frederiksberg C",0147,Frederiksberg,1084,"Region Hovedstaden"
1973,"Frederiksberg C",0147,Frederiksberg,1084,"Region Hovedstaden"
1974,"Frederiksberg C",0147,Frederiksberg,1084,"Region Hovedstaden"
2000,Frederiksberg,0101,København,1084,"Region Hovedstaden"
2100,"København Ø",0101,København,1084,"Region Hovedstaden"
2150,Nordhavn,0101,København,1084,"Region Hovedstaden"
2200,"København N",0101,København,1084,"Region Hovedstaden"
2300,"København S",0101,København,1084,"Region Hovedstaden"
2400,"København NV",0101,København,1084,"Region Hovedstaden"
2450,"København SV",0101,København,1084,"Region Hovedstaden"
2500,Valby,0101,København,1084,"Region Hovedstaden"
2600,Glostrup,0153,Brøndby,1084,"Region Hovedstaden"
2605,Brøndby,0153,Brøndby,1084,"Region Hovedstaden"
2610,Rødovre,0101,København,1084,"Region Hovedstaden"
2620,Albertslund,0151,Ballerup,1084,"Region Hovedstaden"
2625,Vallensbæk,0187,Vallensbæk,1084,"Region Hovedstaden"
2630,Taastrup,0165,Albertslund,1084,"Region Hovedstaden"
2635,Ishøj,0183,Ishøj,1084,"Region Hovedstaden"
2640,Hedehusene,0169,Høje-Taastrup,1084,"Region Hovedstaden"
2650,Hvidovre,0153,Brøndby,1084,"Region Hovedstaden"
2660,"Brøndby Strand",0153,Brøndby,1084,"Region Hovedstaden"
2665,"Vallensbæk Strand",0187,Vallensbæk,1084,"Region Hovedstaden"
2670,Greve,0253,Greve,1085,"Region Sjælland"
2680,"Solrød Strand",0269,Solrød,1085,"Region Sjælland"
2690,Karlslunde,0253,Greve,1085,"Region Sjælland"
2700,Brønshøj,0101,København,1084,"Region Hovedstaden"
2720,Vanløse,0101,København,1084,"Region Hovedstaden"
2730,Herlev,0151,Ballerup,1084,"Region Hovedstaden"
2740,Skovlunde,0151,Ballerup,1084,"Region Hovedstaden"
2750,Ballerup,0151,Ballerup,1084,"Region Hovedstaden"
2760,Måløv,0151,Ballerup,1084,"Region Hovedstaden"
2765,Smørum,0240,Egedal,1084,"Region Hovedstaden"
2770,Kastrup,0101,København,1084,"Region Hovedstaden"
2791,Dragør,0155,Dragør,1084,"Region Hovedstaden"
2800,"Kongens Lyngby",0157,Gentofte,1084,"Region Hovedstaden"
2820,Gentofte,0157,Gentofte,1084,"Region Hovedstaden"
2830,Virum,0173,Lyngby-Taarbæk,1084,"Region Hovedstaden"
2840,Holte,0173,Lyngby-Taarbæk,1084,"Region Hovedstaden"
2850,Nærum,0230,Rudersdal,1084,"Region Hovedstaden"
2860,Søborg,0101,København,1084,"Region Hovedstaden"
2870,Dyssegård,0157,Gentofte,1084,"Region Hovedstaden"
2880,Bagsværd,0159,Gladsaxe,1084,"Region Hovedstaden"
2900,Hellerup,0101,København,1084,"Region Hovedstaden"
2920,Charlottenlund,0157,Gentofte,1084,"Region Hovedstaden"
2930,Klampenborg,0157,Gentofte,1084,"Region Hovedstaden"
2942,Skodsborg,0230,Rudersdal,1084,"Region Hovedstaden"
2950,Vedbæk,0223,Hørsholm,1084,"Region Hovedstaden"
2960,"Rungsted Kyst",0223,Hørsholm,1084,"Region Hovedstaden"
2970,Hørsholm,0201,Allerød,1084,"Region Hovedstaden"
2980,Kokkedal,0210,Fredensborg,1084,"Region Hovedstaden"
2990,Nivå,0210,Fredensborg,1084,"Region Hovedstaden"
3000,Helsingør,0217,Helsingør,1084,"Region Hovedstaden"
3050,Humlebæk,0210,Fredensborg,1084,"Region Hovedstaden"
3060,Espergærde,0210,Fredensborg,1084,"Region Hovedstaden"
3070,Snekkersten,0217,Helsingør,1084,"Region Hovedstaden"
3080,Tikøb,0217,Helsingør,1084,"Region Hovedstaden"
3100,Hornbæk,0217,Helsingør,1084,"Region Hovedstaden"
3120,Dronningmølle,0270,Gribskov,1084,"Region Hovedstaden"
3140,Ålsgårde,0217,Helsingør,1084,"Region Hovedstaden"
3150,Hellebæk,0217,Helsingør,1084,"Region Hovedstaden"
3200,Helsinge,0219,Hillerød,1084,"Region Hovedstaden"
3210,Vejby,0270,Gribskov,1084,"Region Hovedstaden"
3220,Tisvildeleje,0270,Gribskov,1084,"Region Hovedstaden"
3230,Græsted,0217,Helsingør,1084,"Region Hovedstaden"
3250,Gilleleje,0270,Gribskov,1084,"Region Hovedstaden"
3300,Frederiksværk,0260,Halsnæs,1084,"Region Hovedstaden"
3310,Ølsted,0219,Hillerød,1084,"Region Hovedstaden"
3320,Skævinge,0219,Hillerød,1084,"Region Hovedstaden"
3330,Gørløse,0219,Hillerød,1084,"Region Hovedstaden"
3360,Liseleje,0260,Halsnæs,1084,"Region Hovedstaden"
3370,Melby,0260,Halsnæs,1084,"Region Hovedstaden"
3390,Hundested,0260,Halsnæs,1084,"Region Hovedstaden"
3400,Hillerød,0201,Allerød,1084,"Region Hovedstaden"
3450,Allerød,0201,Allerød,1084,"Region Hovedstaden"
3460,Birkerød,0190,Furesø,1084,"Region Hovedstaden"
3480,Fredensborg,0210,Fredensborg,1084,"Region Hovedstaden"
3490,Kvistgård,0210,Fredensborg,1084,"Region Hovedstaden"
3500,Værløse,0151,Ballerup,1084,"Region Hovedstaden"
3520,Farum,0190,Furesø,1084,"Region Hovedstaden"
3540,Lynge,0190,Furesø,1084,"Region Hovedstaden"
3550,Slangerup,0201,Allerød,1084,"Region Hovedstaden"
3600,Frederikssund,0219,Hillerød,1084,"Region Hovedstaden"
3630,Jægerspris,0250,Frederikssund,1084,"Region Hovedstaden"
3650,Ølstykke,0240,Egedal,1084,"Region Hovedstaden"
3660,Stenløse,0240,Egedal,1084,"Region Hovedstaden"
3670,"Veksø Sjælland",0240,Egedal,1084,"Region Hovedstaden"
3700,Rønne,0400,Bornholm,1084,"Region Hovedstaden"
3720,Aakirkeby,0400,Bornholm,1084,"Region Hovedstaden"
3730,Nexø,0400,Bornholm,1084,"Region Hovedstaden"
3740,Svaneke,0400,Bornholm,1084,"Region Hovedstaden"
3751,Østermarie,0400,Bornholm,1084,"Region Hovedstaden"
3760,Gudhjem,0400,Bornholm,1084,"Region Hovedstaden"
3770,Allinge,0400,Bornholm,1084,"Region Hovedstaden"
3782,Klemensker,0400,Bornholm,1084,"Region Hovedstaden"
3790,Hasle,0400,Bornholm,1084,"Region Hovedstaden"
4000,Roskilde,0169,Høje-Taastrup,1084,"Region Hovedstaden"
4030,Tune,0253,Greve,1085,"Region Sjælland"
4040,Jyllinge,0265,Roskilde,1085,"Region Sjælland"
4050,Skibby,0250,Frederikssund,1084,"Region Hovedstaden"
4060,"Kirke Såby",0350,Lejre,1085,"Region Sjælland"
4070,"Kirke Hyllinge",0350,Lejre,1085,"Region Sjælland"
4100,Ringsted,0259,Køge,1085,"Region Sjælland"
4130,"Viby Sjælland",0259,Køge,1085,"Region Sjælland"
4140,Borup,0259,Køge,1085,"Region Sjælland"
4160,Herlufmagle,0320,Faxe,1085,"Region Sjælland"
4171,Glumsø,0370,Næstved,1085,"Region Sjælland"
4173,Fjenneslev,0329,Ringsted,1085,"Region Sjælland"
4174,"Jystrup Midtsj",0259,Køge,1085,"Region Sjælland"
4180,Sorø,0329,Ringsted,1085,"Region Sjælland"
4190,"Munke Bjergby",0330,Slagelse,1085,"Region Sjælland"
4200,Slagelse,0326,Kalundborg,1085,"Region Sjælland"
4220,Korsør,0330,Slagelse,1085,"Region Sjælland"
4230,Skælskør,0330,Slagelse,1085,"Region Sjælland"
4241,Vemmelev,0330,Slagelse,1085,"Region Sjælland"
4242,Boeslunde,0330,Slagelse,1085,"Region Sjælland"
4243,Rude,0330,Slagelse,1085,"Region Sjælland"
4244,Agersø,0330,Slagelse,1085,"Region Sjælland"
4245,Omø,0330,Slagelse,1085,"Region Sjælland"
4250,Fuglebjerg,0330,Slagelse,1085,"Region Sjælland"
4261,Dalmose,0330,Slagelse,1085,"Region Sjælland"
4262,Sandved,0330,Slagelse,1085,"Region Sjælland"
4270,Høng,0326,Kalundborg,1085,"Region Sjælland"
4281,Gørlev,0326,Kalundborg,1085,"Region Sjælland"
4291,"Ruds Vedby",0326,Kalundborg,1085,"Region Sjælland"
4293,Dianalund,0326,Kalundborg,1085,"Region Sjælland"
4295,Stenlille,0316,Holbæk,1085,"Region Sjælland"
4296,Nyrup,0316,Holbæk,1085,"Region Sjælland"
4300,Holbæk,0316,Holbæk,1085,"Region Sjælland"
4305,Orø,0316,Holbæk,1085,"Region Sjælland"
4320,Lejre,0259,Køge,1085,"Region Sjælland"
4330,Hvalsø,0316,Holbæk,1085,"Region Sjælland"
4340,Tølløse,0316,Holbæk,1085,"Region Sjælland"
4350,Ugerløse,0316,Holbæk,1085,"Region Sjælland"
4360,"Kirke Eskilstrup",0316,Holbæk,1085,"Region Sjælland"
4370,"Store Merløse",0316,Holbæk,1085,"Region Sjælland"
4390,Vipperød,0316,Holbæk,1085,"Region Sjælland"
4400,Kalundborg,0326,Kalundborg,1085,"Region Sjælland"
4420,Regstrup,0316,Holbæk,1085,"Region Sjælland"
4440,Mørkøv,0316,Holbæk,1085,"Region Sjælland"
4450,Jyderup,0316,Holbæk,1085,"Region Sjælland"
4460,Snertinge,0316,Holbæk,1085,"Region Sjælland"
4470,Svebølle,0316,Holbæk,1085,"Region Sjælland"
4480,"Store Fuglede",0326,Kalundborg,1085,"Region Sjælland"
4490,"Jerslev Sjælland",0326,Kalundborg,1085,"Region Sjælland"
4500,"Nykøbing Sj",0306,Odsherred,1085,"Region Sjælland"
4520,Svinninge,0316,Holbæk,1085,"Region Sjælland"
4532,Gislinge,0316,Holbæk,1085,"Region Sjælland"
4534,Hørve,0306,Odsherred,1085,"Region Sjælland"
4540,Fårevejle,0306,Odsherred,1085,"Region Sjælland"
4550,Asnæs,0306,Odsherred,1085,"Region Sjælland"
4560,Vig,0306,Odsherred,1085,"Region Sjælland"
4571,Grevinge,0306,Odsherred,1085,"Region Sjælland"
4572,"Nørre Asmindrup",0306,Odsherred,1085,"Region Sjælland"
4573,Højby,0306,Odsherred,1085,"Region Sjælland"
4581,Rørvig,0306,Odsherred,1085,"Region Sjælland"
4583,"Sjællands Odde",0306,Odsherred,1085,"Region Sjælland"
4591,Føllenslev,0306,Odsherred,1085,"Region Sjælland"
4592,Sejerø,0326,Kalundborg,1085,"Region Sjælland"
4593,Eskebjerg,0326,Kalundborg,1085,"Region Sjælland"
4600,Køge,0259,Køge,1085,"Region Sjælland"
4621,Gadstrup,0265,Roskilde,1085,"Region Sjælland"
4622,Havdrup,0265,Roskilde,1085,"Region Sjælland"
4623,"Lille Skensved",0259,Køge,1085,"Region Sjælland"
4632,Bjæverskov,0259,Køge,1085,"Region Sjælland"
4640,Faxe,0320,Faxe,1085,"Region Sjælland"
4652,Hårlev,0320,Faxe,1085,"Region Sjælland"
4653,Karise,0320,Faxe,1085,"Region Sjælland"
4654,"Faxe Ladeplads",0320,Faxe,1085,"Region Sjælland"
4660,"Store Heddinge",0336,Stevns,1085,"Region Sjælland"
4671,Strøby,0336,Stevns,1085,"Region Sjælland"
4672,Klippinge,0336,Stevns,1085,"Region Sjælland"
4673,"Rødvig Stevns",0336,Stevns,1085,"Region Sjælland"
4681,Herfølge,0259,Køge,1085,"Region Sjælland"
4682,Tureby,0259,Køge,1085,"Region Sjælland"
4683,Rønnede,0320,Faxe,1085,"Region Sjælland"
4684,Holmegaard,0320,Faxe,1085,"Region Sjælland"
4690,Haslev,0320,Faxe,1085,"Region Sjælland"
4700,Næstved,0370,Næstved,1085,"Region Sjælland"
4720,Præstø,0390,Vordingborg,1085,"Region Sjælland"
4733,Tappernøje,0320,Faxe,1085,"Region Sjælland"
4735,Mern,0390,Vordingborg,1085,"Region Sjælland"
4736,Karrebæksminde,0370,Næstved,1085,"Region Sjælland"
4750,Lundby,0370,Næstved,1085,"Region Sjælland"
4760,Vordingborg,0390,Vordingborg,1085,"Region Sjælland"
4771,Kalvehave,0390,Vordingborg,1085,"Region Sjælland"
4772,Langebæk,0390,Vordingborg,1085,"Region Sjælland"
4773,Stensved,0390,Vordingborg,1085,"Region Sjælland"
4780,Stege,0390,Vordingborg,1085,"Region Sjælland"
4791,Borre,0390,Vordingborg,1085,"Region Sjælland"
4792,Askeby,0390,Vordingborg,1085,"Region Sjælland"
4793,"Bogø By",0390,Vordingborg,1085,"Region Sjælland"
4800,"Nykøbing F",0376,Guldborgsund,1085,"Region Sjælland"
4840,"Nørre Alslev",0376,Guldborgsund,1085,"Region Sjælland"
4850,Stubbekøbing,0376,Guldborgsund,1085,"Region Sjælland"
4862,Guldborg,0376,Guldborgsund,1085,"Region Sjælland"
4863,Eskilstrup,0376,Guldborgsund,1085,"Region Sjælland"
4871,Horbelev,0376,Guldborgsund,1085,"Region Sjælland"
4872,Idestrup,0376,Guldborgsund,1085,"Region Sjælland"
4873,Væggerløse,0376,Guldborgsund,1085,"Region Sjælland"
4874,Gedser,0376,Guldborgsund,1085,"Region Sjælland"
4880,Nysted,0376,Guldborgsund,1085,"Region Sjælland"
4891,"Toreby L",0376,Guldborgsund,1085,"Region Sjælland"
4892,Kettinge,0376,Guldborgsund,1085,"Region Sjælland"
4894,"Øster Ulslev",0360,Lolland,1085,"Region Sjælland"
4895,Errindlev,0360,Lolland,1085,"Region Sjælland"
4900,Nakskov,0360,Lolland,1085,"Region Sjælland"
4912,Harpelunde,0360,Lolland,1085,"Region Sjælland"
4913,Horslunde,0360,Lolland,1085,"Region Sjælland"
4920,Søllested,0360,Lolland,1085,"Region Sjælland"
4930,Maribo,0360,Lolland,1085,"Region Sjælland"
4941,Bandholm,0360,Lolland,1085,"Region Sjælland"
4942,Askø,0360,Lolland,1085,"Region Sjælland"
4943,"Torrig L",0360,Lolland,1085,"Region Sjælland"
4944,Fejø,0360,Lolland,1085,"Region Sjælland"
4945,Femø,0360,Lolland,1085,"Region Sjælland"
4951,Nørreballe,0360,Lolland,1085,"Region Sjælland"
4952,Stokkemarke,0360,Lolland,1085,"Region Sjælland"
4953,Vesterborg,0360,Lolland,1085,"Region Sjælland"
4960,Holeby,0360,Lolland,1085,"Region Sjælland"
4970,Rødby,0360,Lolland,1085,"Region Sjælland"
4983,Dannemare,0360,Lolland,1085,"Region Sjælland"
4990,Sakskøbing,0376,Guldborgsund,1085,"Region Sjælland"
5000,"Odense C",0461,Odense,1083,"Region Syddanmark"
5200,"Odense V",0461,Odense,1083,"Region Syddanmark"
5210,"Odense NV",0461,Odense,1083,"Region Syddanmark"
5220,"Odense SØ",0461,Odense,1083,"Region Syddanmark"
5230,"Odense M",0461,Odense,1083,"Region Syddanmark"
5240,"Odense NØ",0461,Odense,1083,"Region Syddanmark"
5250,"Odense SV",0461,Odense,1083,"Region Syddanmark"
5260,"Odense S",0461,Odense,1083,"Region Syddanmark"
5270,"Odense N",0461,Odense,1083,"Region Syddanmark"
5290,Marslev,0440,Kerteminde,1083,"Region Syddanmark"
5300,Kerteminde,0440,Kerteminde,1083,"Region Syddanmark"
5320,Agedrup,0461,Odense,1083,"Region Syddanmark"
5330,Munkebo,0440,Kerteminde,1083,"Region Syddanmark"
5350,Rynkeby,0440,Kerteminde,1083,"Region Syddanmark"
5370,Mesinge,0440,Kerteminde,1083,"Region Syddanmark"
5380,Dalby,0440,Kerteminde,1083,"Region Syddanmark"
5390,Martofte,0440,Kerteminde,1083,"Region Syddanmark"
5400,Bogense,0480,Nordfyns,1083,"Region Syddanmark"
5450,Otterup,0480,Nordfyns,1083,"Region Syddanmark"
5462,Morud,0480,Nordfyns,1083,"Region Syddanmark"
5463,Harndrup,0410,Middelfart,1083,"Region Syddanmark"
5464,"Brenderup Fyn",0410,Middelfart,1083,"Region Syddanmark"
5466,Asperup,0410,Middelfart,1083,"Region Syddanmark"
5471,Søndersø,0480,Nordfyns,1083,"Region Syddanmark"
5474,Veflinge,0480,Nordfyns,1083,"Region Syddanmark"
5485,Skamby,0480,Nordfyns,1083,"Region Syddanmark"
5491,Blommenslyst,0461,Odense,1083,"Region Syddanmark"
5492,Vissenbjerg,0420,Assens,1083,"Region Syddanmark"
5500,Middelfart,0410,Middelfart,1083,"Region Syddanmark"
5540,Ullerslev,0440,Kerteminde,1083,"Region Syddanmark"
5550,Langeskov,0430,Faaborg-Midtfyn,1083,"Region Syddanmark"
5560,Aarup,0410,Middelfart,1083,"Region Syddanmark"
5580,"Nørre Aaby",0410,Middelfart,1083,"Region Syddanmark"
5591,Gelsted,0410,Middelfart,1083,"Region Syddanmark"
5592,Ejby,0410,Middelfart,1083,"Region Syddanmark"
5600,Faaborg,0430,Faaborg-Midtfyn,1083,"Region Syddanmark"
5601,Lyø,0430,Faaborg-Midtfyn,1083,"Region Syddanmark"
5602,Avernakø,0430,Faaborg-Midtfyn,1083,"Region Syddanmark"
5603,Bjørnø,0430,Faaborg-Midtfyn,1083,"Region Syddanmark"
5610,Assens,0410,Middelfart,1083,"Region Syddanmark"
5620,Glamsbjerg,0420,Assens,1083,"Region Syddanmark"
5631,Ebberup,0420,Assens,1083,"Region Syddanmark"
5642,Millinge,0420,Assens,1083,"Region Syddanmark"
5672,Broby,0430,Faaborg-Midtfyn,1083,"Region Syddanmark"
5683,Haarby,0420,Assens,1083,"Region Syddanmark"
5690,Tommerup,0420,Assens,1083,"Region Syddanmark"
5700,Svendborg,0479,Svendborg,1083,"Region Syddanmark"
5750,Ringe,0430,Faaborg-Midtfyn,1083,"Region Syddanmark"
5762,"Vester Skerninge",0430,Faaborg-Midtfyn,1083,"Region Syddanmark"
5771,Stenstrup,0430,Faaborg-Midtfyn,1083,"Region Syddanmark"
5772,Kværndrup,0430,Faaborg-Midtfyn,1083,"Region Syddanmark"
5792,Årslev,0430,Faaborg-Midtfyn,1083,"Region Syddanmark"
5800,Nyborg,0450,Nyborg,1083,"Region Syddanmark"
5853,Ørbæk,0430,Faaborg-Midtfyn,1083,"Region Syddanmark"
5854,Gislev,0430,Faaborg-Midtfyn,1083,"Region Syddanmark"
5856,Ryslinge,0430,Faaborg-Midtfyn,1083,"Region Syddanmark"
5863,"Ferritslev Fyn",0430,Faaborg-Midtfyn,1083,"Region Syddanmark"
5871,Frørup,0450,Nyborg,1083,"Region Syddanmark"
5874,Hesselager,0450,Nyborg,1083,"Region Syddanmark"
5881,"Skårup Fyn",0479,Svendborg,1083,"Region Syddanmark"
5882,Vejstrup,0479,Svendborg,1083,"Region Syddanmark"
5883,Oure,0479,Svendborg,1083,"Region Syddanmark"
5884,Gudme,0479,Svendborg,1083,"Region Syddanmark"
5892,"Gudbjerg Sydfyn",0479,Svendborg,1083,"Region Syddanmark"
5900,Rudkøbing,0482,Langeland,1083,"Region Syddanmark"
5932,Humble,0482,Langeland,1083,"Region Syddanmark"
5935,Bagenkop,0482,Langeland,1083,"Region Syddanmark"
5943,Strynø,0482,Langeland,1083,"Region Syddanmark"
5953,Tranekær,0482,Langeland,1083,"Region Syddanmark"
5960,Marstal,0492,Ærø,1083,"Region Syddanmark"
5965,Birkholm,0492,Ærø,1083,"Region Syddanmark"
5970,Ærøskøbing,0492,Ærø,1083,"Region Syddanmark"
5985,"Søby Ærø",0492,Ærø,1083,"Region Syddanmark"
6000,Kolding,0621,Kolding,1083,"Region Syddanmark"
6040,Egtved,0621,Kolding,1083,"Region Syddanmark"
6051,Almind,0621,Kolding,1083,"Region Syddanmark"
6052,Viuf,0621,Kolding,1083,"Region Syddanmark"
6064,Jordrup,0621,Kolding,1083,"Region Syddanmark"
6070,Christiansfeld,0510,Haderslev,1083,"Region Syddanmark"
6091,Bjert,0621,Kolding,1083,"Region Syddanmark"
6092,"Sønder Stenderup",0621,Kolding,1083,"Region Syddanmark"
6093,Sjølund,0621,Kolding,1083,"Region Syddanmark"
6094,Hejls,0510,Haderslev,1083,"Region Syddanmark"
6100,Haderslev,0510,Haderslev,1083,"Region Syddanmark"
6200,Aabenraa,0580,Aabenraa,1083,"Region Syddanmark"
6210,Barsø,0580,Aabenraa,1083,"Region Syddanmark"
6230,Rødekro,0580,Aabenraa,1083,"Region Syddanmark"
6240,Løgumkloster,0550,Tønder,1083,"Region Syddanmark"
6261,Bredebro,0550,Tønder,1083,"Region Syddanmark"
6270,Tønder,0550,Tønder,1083,"Region Syddanmark"
6280,Højer,0550,Tønder,1083,"Region Syddanmark"
6300,Gråsten,0540,Sønderborg,1083,"Region Syddanmark"
6310,Broager,0540,Sønderborg,1083,"Region Syddanmark"
6320,Egernsund,0540,Sønderborg,1083,"Region Syddanmark"
6330,Padborg,0580,Aabenraa,1083,"Region Syddanmark"
6340,Kruså,0580,Aabenraa,1083,"Region Syddanmark"
6360,Tinglev,0580,Aabenraa,1083,"Region Syddanmark"
6372,Bylderup-Bov,0580,Aabenraa,1083,"Region Syddanmark"
6392,Bolderslev,0580,Aabenraa,1083,"Region Syddanmark"
6400,Sønderborg,0540,Sønderborg,1083,"Region Syddanmark"
6430,Nordborg,0540,Sønderborg,1083,"Region Syddanmark"
6440,Augustenborg,0540,Sønderborg,1083,"Region Syddanmark"
6470,Sydals,0540,Sønderborg,1083,"Region Syddanmark"
6500,Vojens,0510,Haderslev,1083,"Region Syddanmark"
6510,Gram,0510,Haderslev,1083,"Region Syddanmark"
6520,Toftlund,0510,Haderslev,1083,"Region Syddanmark"
6534,Agerskov,0510,Haderslev,1083,"Region Syddanmark"
6535,"Branderup J",0550,Tønder,1083,"Region Syddanmark"
6541,Bevtoft,0510,Haderslev,1083,"Region Syddanmark"
6560,Sommersted,0510,Haderslev,1083,"Region Syddanmark"
6580,Vamdrup,0621,Kolding,1083,"Region Syddanmark"
6600,Vejen,0575,Vejen,1083,"Region Syddanmark"
6621,Gesten,0575,Vejen,1083,"Region Syddanmark"
6622,Bække,0575,Vejen,1083,"Region Syddanmark"
6623,Vorbasse,0530,Billund,1083,"Region Syddanmark"
6630,Rødding,0510,Haderslev,1083,"Region Syddanmark"
6640,Lunderskov,0621,Kolding,1083,"Region Syddanmark"
6650,Brørup,0575,Vejen,1083,"Region Syddanmark"
6660,Lintrup,0575,Vejen,1083,"Region Syddanmark"
6670,Holsted,0561,Esbjerg,1083,"Region Syddanmark"
6682,Hovborg,0530,Billund,1083,"Region Syddanmark"
6683,Føvling,0561,Esbjerg,1083,"Region Syddanmark"
6690,Gørding,0561,Esbjerg,1083,"Region Syddanmark"
6700,Esbjerg,0561,Esbjerg,1083,"Region Syddanmark"
6705,"Esbjerg Ø",0561,Esbjerg,1083,"Region Syddanmark"
6710,"Esbjerg V",0561,Esbjerg,1083,"Region Syddanmark"
6715,"Esbjerg N",0561,Esbjerg,1083,"Region Syddanmark"
6720,Fanø,0563,Fanø,1083,"Region Syddanmark"
6731,Tjæreborg,0561,Esbjerg,1083,"Region Syddanmark"
6740,Bramming,0561,Esbjerg,1083,"Region Syddanmark"
6752,Glejbjerg,0575,Vejen,1083,"Region Syddanmark"
6753,Agerbæk,0573,Varde,1083,"Region Syddanmark"
6760,Ribe,0561,Esbjerg,1083,"Region Syddanmark"
6771,Gredstedbro,0561,Esbjerg,1083,"Region Syddanmark"
6780,Skærbæk,0550,Tønder,1083,"Region Syddanmark"
6792,Rømø,0550,Tønder,1083,"Region Syddanmark"
6800,Varde,0573,Varde,1083,"Region Syddanmark"
6818,Årre,0561,Esbjerg,1083,"Region Syddanmark"
6823,Ansager,0530,Billund,1083,"Region Syddanmark"
6830,"Nørre Nebel",0573,Varde,1083,"Region Syddanmark"
6840,Oksbøl,0573,Varde,1083,"Region Syddanmark"
6851,"Janderup Vestj",0573,Varde,1083,"Region Syddanmark"
6852,Billum,0573,Varde,1083,"Region Syddanmark"
6853,"Vejers Strand",0573,Varde,1083,"Region Syddanmark"
6854,Henne,0573,Varde,1083,"Region Syddanmark"
6855,Outrup,0573,Varde,1083,"Region Syddanmark"
6857,Blåvand,0573,Varde,1083,"Region Syddanmark"
6862,Tistrup,0573,Varde,1083,"Region Syddanmark"
6870,Ølgod,0573,Varde,1083,"Region Syddanmark"
6880,Tarm,0573,Varde,1083,"Region Syddanmark"
6893,Hemmet,0760,Ringkøbing-Skjern,1082,"Region Midtjylland"
6900,Skjern,0760,Ringkøbing-Skjern,1082,"Region Midtjylland"
6920,Videbæk,0760,Ringkøbing-Skjern,1082,"Region Midtjylland"
6933,Kibæk,0657,Herning,1082,"Region Midtjylland"
6940,"Lem St",0760,Ringkøbing-Skjern,1082,"Region Midtjylland"
6950,Ringkøbing,0760,Ringkøbing-Skjern,1082,"Region Midtjylland"
6960,"Hvide Sande",0760,Ringkøbing-Skjern,1082,"Region Midtjylland"
6971,Spjald,0760,Ringkøbing-Skjern,1082,"Region Midtjylland"
6973,Ørnhøj,0657,Herning,1082,"Region Midtjylland"
6980,Tim,0760,Ringkøbing-Skjern,1082,"Region Midtjylland"
6990,Ulfborg,0657,Herning,1082,"Region Midtjylland"
7000,Fredericia,0607,Fredericia,1083,"Region Syddanmark"
7080,Børkop,0630,Vejle,1083,"Region Syddanmark"
7100,Vejle,0630,Vejle,1083,"Region Syddanmark"
7120,"Vejle Øst",0630,Vejle,1083,"Region Syddanmark"
7130,Juelsminde,0766,Hedensted,1082,"Region Midtjylland"
7140,Stouby,0766,Hedensted,1082,"Region Midtjylland"
7150,Barrit,0766,Hedensted,1082,"Region Midtjylland"
7160,Tørring,0630,Vejle,1083,"Region Syddanmark"
7171,Uldum,0766,Hedensted,1082,"Region Midtjylland"
7173,Vonge,0630,Vejle,1083,"Region Syddanmark"
7182,Bredsten,0630,Vejle,1083,"Region Syddanmark"
7183,Randbøl,0630,Vejle,1083,"Region Syddanmark"
7184,Vandel,0630,Vejle,1083,"Region Syddanmark"
7190,Billund,0530,Billund,1083,"Region Syddanmark"
7200,Grindsted,0530,Billund,1083,"Region Syddanmark"
7250,Hejnsvig,0530,Billund,1083,"Region Syddanmark"
7260,"Sønder Omme",0530,Billund,1083,"Region Syddanmark"
7270,Stakroge,0530,Billund,1083,"Region Syddanmark"
7280,"Sønder Felding",0657,Herning,1082,"Region Midtjylland"
7300,Jelling,0630,Vejle,1083,"Region Syddanmark"
7321,Gadbjerg,0630,Vejle,1083,"Region Syddanmark"
7323,Give,0630,Vejle,1083,"Region Syddanmark"
7330,Brande,0630,Vejle,1083,"Region Syddanmark"
7361,Ejstrupholm,0630,Vejle,1083,"Region Syddanmark"
7362,Hampen,0740,Silkeborg,1082,"Region Midtjylland"
7400,Herning,0657,Herning,1082,"Region Midtjylland"
7430,Ikast,0756,Ikast-Brande,1082,"Region Midtjylland"
7441,Bording,0740,Silkeborg,1082,"Region Midtjylland"
7442,Engesvang,0740,Silkeborg,1082,"Region Midtjylland"
7451,Sunds,0657,Herning,1082,"Region Midtjylland"
7470,"Karup J",0657,Herning,1082,"Region Midtjylland"
7480,Vildbjerg,0657,Herning,1082,"Region Midtjylland"
7490,Aulum,0657,Herning,1082,"Region Midtjylland"
7500,Holstebro,0657,Herning,1082,"Region Midtjylland"
7540,Haderup,0657,Herning,1082,"Region Midtjylland"
7550,Sørvad,0657,Herning,1082,"Region Midtjylland"
7560,Hjerm,0661,Holstebro,1082,"Region Midtjylland"
7570,Vemb,0661,Holstebro,1082,"Region Midtjylland"
7600,Struer,0661,Holstebro,1082,"Region Midtjylland"
7620,Lemvig,0665,Lemvig,1082,"Region Midtjylland"
7650,Bøvlingbjerg,0665,Lemvig,1082,"Region Midtjylland"
7660,Bækmarksbro,0665,Lemvig,1082,"Region Midtjylland"
7673,Harboøre,0665,Lemvig,1082,"Region Midtjylland"
7680,Thyborøn,0665,Lemvig,1082,"Region Midtjylland"
7700,Thisted,0787,Thisted,1081,"Region Nordjylland"
7730,Hanstholm,0787,Thisted,1081,"Region Nordjylland"
7741,Frøstrup,0787,Thisted,1081,"Region Nordjylland"
7742,Vesløs,0787,Thisted,1081,"Region Nordjylland"
7752,Snedsted,0787,Thisted,1081,"Region Nordjylland"
7755,"Bedsted Thy",0787,Thisted,1081,"Region Nordjylland"
7760,"Hurup Thy",0671,Struer,1082,"Region Midtjylland"
7770,Vestervig,0787,Thisted,1081,"Region Nordjylland"
7790,Thyholm,0671,Struer,1082,"Region Midtjylland"
7800,Skive,0661,Holstebro,1082,"Region Midtjylland"
7830,Vinderup,0657,Herning,1082,"Region Midtjylland"
7840,Højslev,0779,Skive,1082,"Region Midtjylland"
7850,"Stoholm Jyll",0791,Viborg,1082,"Region Midtjylland"
7860,Spøttrup,0779,Skive,1082,"Region Midtjylland"
7870,Roslev,0779,Skive,1082,"Region Midtjylland"
7884,Fur,0779,Skive,1082,"Region Midtjylland"
7900,"Nykøbing M",0773,Morsø,1081,"Region Nordjylland"
7950,Erslev,0773,Morsø,1081,"Region Nordjylland"
7960,Karby,0773,Morsø,1081,"Region Nordjylland"
7970,"Redsted M",0773,Morsø,1081,"Region Nordjylland"
7980,Vils,0773,Morsø,1081,"Region Nordjylland"
7990,"Øster Assels",0773,Morsø,1081,"Region Nordjylland"
8000,"Aarhus C",0751,Aarhus,1082,"Region Midtjylland"
8200,"Aarhus N",0751,Aarhus,1082,"Region Midtjylland"
8210,"Aarhus V",0751,Aarhus,1082,"Region Midtjylland"
8220,Brabrand,0751,Aarhus,1082,"Region Midtjylland"
8230,Åbyhøj,0751,Aarhus,1082,"Region Midtjylland"
8240,Risskov,0751,Aarhus,1082,"Region Midtjylland"
8250,Egå,0751,Aarhus,1082,"Region Midtjylland"
8260,"Viby J",0751,Aarhus,1082,"Region Midtjylland"
8270,Højbjerg,0751,Aarhus,1082,"Region Midtjylland"
8300,Odder,0727,Odder,1082,"Region Midtjylland"
8305,Samsø,0741,Samsø,1082,"Region Midtjylland"
8310,"Tranbjerg J",0751,Aarhus,1082,"Region Midtjylland"
8320,Mårslet,0751,Aarhus,1082,"Region Midtjylland"
8330,Beder,0751,Aarhus,1082,"Region Midtjylland"
8340,Malling,0727,Odder,1082,"Region Midtjylland"
8350,Hundslund,0727,Odder,1082,"Region Midtjylland"
8355,Solbjerg,0751,Aarhus,1082,"Region Midtjylland"
8361,Hasselager,0751,Aarhus,1082,"Region Midtjylland"
8362,Hørning,0746,Skanderborg,1082,"Region Midtjylland"
8370,Hadsten,0710,Favrskov,1082,"Region Midtjylland"
8380,Trige,0710,Favrskov,1082,"Region Midtjylland"
8381,Tilst,0751,Aarhus,1082,"Region Midtjylland"
8382,Hinnerup,0710,Favrskov,1082,"Region Midtjylland"
8400,Ebeltoft,0706,Syddjurs,1082,"Region Midtjylland"
8410,Rønde,0706,Syddjurs,1082,"Region Midtjylland"
8420,Knebel,0706,Syddjurs,1082,"Region Midtjylland"
8444,Balle,0706,Syddjurs,1082,"Region Midtjylland"
8450,Hammel,0710,Favrskov,1082,"Region Midtjylland"
8462,"Harlev J",0751,Aarhus,1082,"Region Midtjylland"
8464,Galten,0746,Skanderborg,1082,"Region Midtjylland"
8471,Sabro,0710,Favrskov,1082,"Region Midtjylland"
8472,Sporup,0710,Favrskov,1082,"Region Midtjylland"
8500,Grenaa,0707,Norddjurs,1082,"Region Midtjylland"
8520,Lystrup,0751,Aarhus,1082,"Region Midtjylland"
8530,Hjortshøj,0751,Aarhus,1082,"Region Midtjylland"
8541,Skødstrup,0751,Aarhus,1082,"Region Midtjylland"
8543,Hornslet,0706,Syddjurs,1082,"Region Midtjylland"
8544,Mørke,0706,Syddjurs,1082,"Region Midtjylland"
8550,Ryomgård,0706,Syddjurs,1082,"Region Midtjylland"
8560,Kolind,0706,Syddjurs,1082,"Region Midtjylland"
8570,Trustrup,0706,Syddjurs,1082,"Region Midtjylland"
8581,Nimtofte,0706,Syddjurs,1082,"Region Midtjylland"
8585,Glesborg,0707,Norddjurs,1082,"Region Midtjylland"
8586,"Ørum Djurs",0707,Norddjurs,1082,"Region Midtjylland"
8592,Anholt,0707,Norddjurs,1082,"Region Midtjylland"
8600,Silkeborg,0740,Silkeborg,1082,"Region Midtjylland"
8620,Kjellerup,0740,Silkeborg,1082,"Region Midtjylland"
8632,Lemming,0740,Silkeborg,1082,"Region Midtjylland"
8641,Sorring,0710,Favrskov,1082,"Region Midtjylland"
8643,"Ans By",0740,Silkeborg,1082,"Region Midtjylland"
8653,Them,0740,Silkeborg,1082,"Region Midtjylland"
8654,Bryrup,0615,Horsens,1082,"Region Midtjylland"
8660,Skanderborg,0615,Horsens,1082,"Region Midtjylland"
8670,Låsby,0746,Skanderborg,1082,"Region Midtjylland"
8680,Ry,0615,Horsens,1082,"Region Midtjylland"
8700,Horsens,0615,Horsens,1082,"Region Midtjylland"
8721,Daugård,0630,Vejle,1083,"Region Syddanmark"
8722,Hedensted,0766,Hedensted,1082,"Region Midtjylland"
8723,Løsning,0766,Hedensted,1082,"Region Midtjylland"
8732,Hovedgård,0615,Horsens,1082,"Region Midtjylland"
8740,Brædstrup,0615,Horsens,1082,"Region Midtjylland"
8751,Gedved,0615,Horsens,1082,"Region Midtjylland"
8752,Østbirk,0615,Horsens,1082,"Region Midtjylland"
8762,Flemming,0615,Horsens,1082,"Region Midtjylland"
8763,"Rask Mølle",0766,Hedensted,1082,"Region Midtjylland"
8765,Klovborg,0615,Horsens,1082,"Region Midtjylland"
8766,"Nørre Snede",0756,Ikast-Brande,1082,"Region Midtjylland"
8781,Stenderup,0615,Horsens,1082,"Region Midtjylland"
8783,Hornsyld,0615,Horsens,1082,"Region Midtjylland"
8789,Endelave,0615,Horsens,1082,"Region Midtjylland"
8799,Tunø,0727,Odder,1082,"Region Midtjylland"
8800,Viborg,0740,Silkeborg,1082,"Region Midtjylland"
8830,Tjele,0791,Viborg,1082,"Region Midtjylland"
8831,Løgstrup,0791,Viborg,1082,"Region Midtjylland"
8832,Skals,0791,Viborg,1082,"Region Midtjylland"
8840,Rødkærsbro,0740,Silkeborg,1082,"Region Midtjylland"
8850,Bjerringbro,0710,Favrskov,1082,"Region Midtjylland"
8860,Ulstrup,0710,Favrskov,1082,"Region Midtjylland"
8870,Langå,0710,Favrskov,1082,"Region Midtjylland"
8881,Thorsø,0710,Favrskov,1082,"Region Midtjylland"
8882,Fårvang,0710,Favrskov,1082,"Region Midtjylland"
8883,Gjern,0740,Silkeborg,1082,"Region Midtjylland"
8900,"Randers C",0730,Randers,1082,"Region Midtjylland"
8920,"Randers NV",0730,Randers,1082,"Region Midtjylland"
8930,"Randers NØ",0730,Randers,1082,"Region Midtjylland"
8940,"Randers SV",0710,Favrskov,1082,"Region Midtjylland"
8950,Ørsted,0707,Norddjurs,1082,"Region Midtjylland"
8960,"Randers SØ",0710,Favrskov,1082,"Region Midtjylland"
8961,Allingåbro,0707,Norddjurs,1082,"Region Midtjylland"
8963,Auning,0706,Syddjurs,1082,"Region Midtjylland"
8970,Havndal,0730,Randers,1082,"Region Midtjylland"
8981,Spentrup,0730,Randers,1082,"Region Midtjylland"
8983,"Gjerlev J",0730,Randers,1082,"Region Midtjylland"
8990,Fårup,0730,Randers,1082,"Region Midtjylland"
9000,Aalborg,0851,Aalborg,1081,"Region Nordjylland"
9200,"Aalborg SV",0851,Aalborg,1081,"Region Nordjylland"
9210,"Aalborg SØ",0851,Aalborg,1081,"Region Nordjylland"
9220,"Aalborg Øst",0851,Aalborg,1081,"Region Nordjylland"
9230,"Svenstrup J",0840,Rebild,1081,"Region Nordjylland"
9240,Nibe,0820,Vesthimmerlands,1081,"Region Nordjylland"
9260,Gistrup,0840,Rebild,1081,"Region Nordjylland"
9270,Klarup,0851,Aalborg,1081,"Region Nordjylland"
9280,Storvorde,0851,Aalborg,1081,"Region Nordjylland"
9293,Kongerslev,0840,Rebild,1081,"Region Nordjylland"
9300,Sæby,0813,Frederikshavn,1081,"Region Nordjylland"
9310,Vodskov,0851,Aalborg,1081,"Region Nordjylland"
9320,Hjallerup,0810,Brønderslev,1081,"Region Nordjylland"
9330,Dronninglund,0810,Brønderslev,1081,"Region Nordjylland"
9340,Asaa,0810,Brønderslev,1081,"Region Nordjylland"
9352,Dybvad,0810,Brønderslev,1081,"Region Nordjylland"
9362,Gandrup,0851,Aalborg,1081,"Region Nordjylland"
9370,Hals,0810,Brønderslev,1081,"Region Nordjylland"
9380,Vestbjerg,0851,Aalborg,1081,"Region Nordjylland"
9381,Sulsted,0849,Jammerbugt,1081,"Region Nordjylland"
9382,Tylstrup,0810,Brønderslev,1081,"Region Nordjylland"
9400,Nørresundby,0851,Aalborg,1081,"Region Nordjylland"
9430,Vadum,0849,Jammerbugt,1081,"Region Nordjylland"
9440,Aabybro,0810,Brønderslev,1081,"Region Nordjylland"
9460,Brovst,0849,Jammerbugt,1081,"Region Nordjylland"
9480,Løkken,0810,Brønderslev,1081,"Region Nordjylland"
9490,Pandrup,0849,Jammerbugt,1081,"Region Nordjylland"
9492,Blokhus,0849,Jammerbugt,1081,"Region Nordjylland"
9493,Saltum,0849,Jammerbugt,1081,"Region Nordjylland"
9500,Hobro,0791,Viborg,1082,"Region Midtjylland"
9510,Arden,0840,Rebild,1081,"Region Nordjylland"
9520,Skørping,0840,Rebild,1081,"Region Nordjylland"
9530,Støvring,0840,Rebild,1081,"Region Nordjylland"
9541,Suldrup,0820,Vesthimmerlands,1081,"Region Nordjylland"
9550,Mariager,0730,Randers,1082,"Region Midtjylland"
9560,Hadsund,0840,Rebild,1081,"Region Nordjylland"
9574,Bælum,0840,Rebild,1081,"Region Nordjylland"
9575,Terndrup,0840,Rebild,1081,"Region Nordjylland"
9600,Aars,0820,Vesthimmerlands,1081,"Region Nordjylland"
9610,Nørager,0820,Vesthimmerlands,1081,"Region Nordjylland"
9620,Aalestrup,0791,Viborg,1082,"Region Midtjylland"
9631,Gedsted,0791,Viborg,1082,"Region Midtjylland"
9632,Møldrup,0791,Viborg,1082,"Region Midtjylland"
9640,Farsø,0820,Vesthimmerlands,1081,"Region Nordjylland"
9670,Løgstør,0820,Vesthimmerlands,1081,"Region Nordjylland"
9681,Ranum,0820,Vesthimmerlands,1081,"Region Nordjylland"
9690,Fjerritslev,0849,Jammerbugt,1081,"Region Nordjylland"
9700,Brønderslev,0810,Brønderslev,1081,"Region Nordjylland"
9740,"Jerslev J",0810,Brønderslev,1081,"Region Nordjylland"
9750,Østervrå,0810,Brønderslev,1081,"Region Nordjylland"
9760,Vrå,0810,Brønderslev,1081,"Region Nordjylland"
9800,Hjørring,0860,Hjørring,1081,"Region Nordjylland"
9830,Tårs,0813,Frederikshavn,1081,"Region Nordjylland"
9850,Hirtshals,0860,Hjørring,1081,"Region Nordjylland"
9870,Sindal,0813,Frederikshavn,1081,"Region Nordjylland"
9881,Bindslev,0813,Frederikshavn,1081,"Region Nordjylland"
9900,Frederikshavn,0813,Frederikshavn,1081,"Region Nordjylland"
9940,Læsø,0825,Læsø,1081,"Region Nordjylland"
9970,Strandby,0813,Frederikshavn,1081,"Region Nordjylland"
9981,Jerup,0813,Frederikshavn,1081,"Region Nordjylland"
9982,Ålbæk,0813,Frederikshavn,1081,"Region Nordjylland"
9990,Skagen,0813,Frederikshavn,1081,"Region Nordjylland"
